label,print,Sample_origin,group,time,name,Lineage
13,13,Other,other,13,,Cladocopium sp.
13,13,Other,other,13,,Cladocopium sp.
14,14,Other,other,14,,Cladocopium sp.
16,16,Other,other,16,,Cladocopium sp.
18,18,Other,other,18,,Cladocopium sp.
19,19,Other,other,19,,Cladocopium sp.
21,21,Other,other,21,,Cladocopium sp.
21,21,Other,other,21,,Cladocopium sp.
22,22,Other,other,22,,Cladocopium sp.
22,22,Other,other,22,,Cladocopium sp.
23,23,Other,other,23,,Cladocopium sp.
24,24,Other,other,24,,Cladocopium sp.
25,25,Other,other,25,,Cladocopium sp.
30,30,Other,other,30,,Cladocopium sp.
31,31,Other,other,31,,Cladocopium sp.
31,31,Other,other,31,,Cladocopium sp.
32,32,Other,other,32,,Cladocopium sp.
32,32,Other,other,32,,Cladocopium sp.
34,34,Other,other,34,,Cladocopium sp.
35,35,Other,other,35,,Cladocopium sp.
35,35,Other,other,35,,Cladocopium sp.
36,36,Other,other,36,,Cladocopium sp.
36,36,Other,other,36,,Cladocopium sp.
37,37,Other,other,37,,Cladocopium sp.
38,38,Other,other,38,,Cladocopium sp.
39,39,Other,other,39,,Cladocopium sp.
40,40,Other,other,40,,Cladocopium sp.
40,40,Other,other,40,,Cladocopium sp.
40,40,Other,other,40,,Cladocopium sp.
40,40,Other,other,40,,Cladocopium sp.
40,40,Other,other,40,,Cladocopium sp.
40,40,Other,other,40,,Cladocopium sp.
42,42,Other,other,42,,Cladocopium sp.
42,42,Other,other,42,,Cladocopium sp.
43,43,Other,other,43,,Cladocopium sp.
43,43,Other,other,43,,Cladocopium sp.
44,44,Other,other,44,,Cladocopium sp.
44,44,Other,other,44,,Cladocopium sp.
44,44,Other,other,44,,Cladocopium sp.
45,45,Other,other,45,,Cladocopium sp.
45,45,Other,other,45,,Cladocopium sp.
45,45,Other,other,45,,Cladocopium sp.
46,46,Other,other,46,,Cladocopium sp.
47,47,Other,other,47,,Cladocopium sp.
48,48,Other,other,48,,Cladocopium sp.
48,48,Other,other,48,,Cladocopium sp.
48,48,Other,other,48,,Cladocopium sp.
49,49,Other,other,49,,Cladocopium sp.
49,49,Other,other,49,,Cladocopium sp.
49,49,Other,other,49,,Cladocopium sp.
49,49,Other,other,49,,Cladocopium sp.
49,49,Other,other,49,,Cladocopium sp.
50,50,Other,other,50,,Cladocopium sp.
50,50,Other,other,50,,Cladocopium sp.
50,50,Other,other,50,,Cladocopium sp.
51,51,Other,other,51,,Cladocopium sp.
51,51,Other,other,51,,Cladocopium sp.
51,51,Other,other,51,,Cladocopium sp.
51,51,Other,other,51,,Cladocopium sp.
52,52,Other,other,52,,Cladocopium sp.
52,52,Other,other,52,,Cladocopium sp.
53,53,Other,other,53,,Cladocopium sp.
53,53,Other,other,53,,Cladocopium sp.
54,54,Other,other,54,,Cladocopium sp.
54,54,Other,other,54,,Cladocopium sp.
54,54,Other,other,54,,Cladocopium sp.
54,54,Other,other,54,,Cladocopium sp.
54,54,Other,other,54,,Cladocopium sp.
55,55,Other,other,55,,Cladocopium sp.
55,55,Other,other,55,,Cladocopium sp.
55,55,Other,other,55,,Cladocopium sp.
55,55,Other,other,55,,Cladocopium sp.
55,55,Other,other,55,,Cladocopium sp.
55,55,Other,other,55,,Cladocopium sp.
57,57,Other,other,57,,Cladocopium sp.
57,57,Other,other,57,,Cladocopium sp.
57,57,Other,other,57,,Cladocopium sp.
57,57,Other,other,57,,Cladocopium sp.
57,57,Other,other,57,,Cladocopium sp.
57,57,Other,other,57,,Cladocopium sp.
58,58,Other,other,58,,Cladocopium sp.
58,58,Other,other,58,,Cladocopium sp.
59,59,Other,other,59,,Cladocopium sp.
59,59,Other,other,59,,Cladocopium sp.
59,59,Other,other,59,,Cladocopium sp.
59,59,Other,other,59,,Cladocopium sp.
59,59,Other,other,59,,Cladocopium sp.
59,59,Other,other,59,,Cladocopium sp.
60,60,Other,other,60,,Cladocopium sp.
60,60,Other,other,60,,Cladocopium sp.
61,61,Other,other,61,,Cladocopium sp.
61,61,Other,other,61,,Cladocopium sp.
62,62,Other,other,62,,Cladocopium sp.
62,62,Other,other,62,,Cladocopium sp.
62,62,Other,other,62,,Cladocopium sp.
63,63,Other,other,63,,Cladocopium sp.
64,64,Other,other,64,,Cladocopium sp.
64,64,Other,other,64,,Cladocopium sp.
64,64,Other,other,64,,Cladocopium sp.
64,64,Other,other,64,,Cladocopium sp.
64,64,Other,other,64,,Cladocopium sp.
65,65,Other,other,65,,Cladocopium sp.
65,65,Other,other,65,,Cladocopium sp.
65,65,Other,other,65,,Cladocopium sp.
65,65,Other,other,65,,Cladocopium sp.
65,65,Other,other,65,,Cladocopium sp.
65,65,Other,other,65,,Cladocopium sp.
66,66,Other,other,66,,Cladocopium sp.
67,67,Other,other,67,,Cladocopium sp.
67,67,Other,other,67,,Cladocopium sp.
67,67,Other,other,67,,Cladocopium sp.
67,67,Other,other,67,,Cladocopium sp.
67,67,Other,other,67,,Cladocopium sp.
67,67,Other,other,67,,Cladocopium sp.
68,68,Other,other,68,,Cladocopium sp.
68,68,Other,other,68,,Cladocopium sp.
68,68,Other,other,68,,Cladocopium sp.
68,68,Other,other,68,,Cladocopium sp.
68,68,Other,other,68,,Cladocopium sp.
68,68,Other,other,68,,Cladocopium sp.
70,70,Other,other,70,,Cladocopium sp.
70,70,Other,other,70,,Cladocopium sp.
70,70,Other,other,70,,Cladocopium sp.
70,70,Other,other,70,,Cladocopium sp.
70,70,Other,other,70,,Cladocopium sp.
70,70,Other,other,70,,Cladocopium sp.
70,70,Other,other,70,,Cladocopium sp.
70,70,Other,other,70,,Cladocopium sp.
71,71,Other,other,71,,Cladocopium sp.
71,71,Other,other,71,,Cladocopium sp.
71,71,Other,other,71,,Cladocopium sp.
72,72,Other,other,72,,Cladocopium sp.
72,72,Other,other,72,,Cladocopium sp.
72,72,Other,other,72,,Cladocopium sp.
72,72,Other,other,72,,Cladocopium sp.
73,73,Other,other,73,,Cladocopium sp.
73,73,Other,other,73,,Cladocopium sp.
73,73,Other,other,73,,Cladocopium sp.
73,73,Other,other,73,,Cladocopium sp.
73,73,Other,other,73,,Cladocopium sp.
73,73,Other,other,73,,Cladocopium sp.
74,74,Other,other,74,,Cladocopium sp.
74,74,Other,other,74,,Cladocopium sp.
74,74,Other,other,74,,Cladocopium sp.
75,75,Other,other,75,,Cladocopium sp.
75,75,Other,other,75,,Cladocopium sp.
75,75,Other,other,75,,Cladocopium sp.
76,76,Other,other,76,,Cladocopium sp.
76,76,Other,other,76,,Cladocopium sp.
76,76,Other,other,76,,Cladocopium sp.
76,76,Other,other,76,,Cladocopium sp.
76,76,Other,other,76,,Cladocopium sp.
77,77,Other,other,77,,Cladocopium sp.
77,77,Other,other,77,,Cladocopium sp.
77,77,Other,other,77,,Cladocopium sp.
78,78,Other,other,78,,Cladocopium sp.
78,78,Other,other,78,,Cladocopium sp.
79,79,Other,other,79,,Cladocopium sp.
79,79,Other,other,79,,Cladocopium sp.
79,79,Other,other,79,,Cladocopium sp.
79,79,Other,other,79,,Cladocopium sp.
79,79,Other,other,79,,Cladocopium sp.
80,80,Other,other,80,,Cladocopium sp.
81,81,Other,other,81,,Cladocopium sp.
81,81,Other,other,81,,Cladocopium sp.
81,81,Other,other,81,,Cladocopium sp.
81,81,Other,other,81,,Cladocopium sp.
81,81,Other,other,81,,Cladocopium sp.
82,82,Other,other,82,,Cladocopium sp.
82,82,Other,other,82,,Cladocopium sp.
83,83,Other,other,83,,Cladocopium sp.
83,83,Other,other,83,,Cladocopium sp.
83,83,Other,other,83,,Cladocopium sp.
83,83,Other,other,83,,Cladocopium sp.
83,83,Other,other,83,,Cladocopium sp.
84,84,Other,other,84,,Cladocopium sp.
84,84,Other,other,84,,Cladocopium sp.
84,84,Other,other,84,,Cladocopium sp.
85,85,Other,other,85,,Cladocopium sp.
85,85,Other,other,85,,Cladocopium sp.
85,85,Other,other,85,,Cladocopium sp.
85,85,Other,other,85,,Cladocopium sp.
85,85,Other,other,85,,Cladocopium sp.
85,85,Other,other,85,,Cladocopium sp.
85,85,Other,other,85,,Cladocopium sp.
86,86,Other,other,86,,Cladocopium sp.
86,86,Other,other,86,,Cladocopium sp.
86,86,Other,other,86,,Cladocopium sp.
86,86,Other,other,86,,Cladocopium sp.
86,86,Other,other,86,,Cladocopium sp.
86,86,Other,other,86,,Cladocopium sp.
86,86,Other,other,86,,Cladocopium sp.
86,86,Other,other,86,,Cladocopium sp.
86,86,Other,other,86,,Cladocopium sp.
86,86,Other,other,86,,Cladocopium sp.
87,87,Other,other,87,,Cladocopium sp.
87,87,Other,other,87,,Cladocopium sp.
88,88,Other,other,88,,Cladocopium sp.
88,88,Other,other,88,,Cladocopium sp.
88,88,Other,other,88,,Cladocopium sp.
88,88,Other,other,88,,Cladocopium sp.
88,88,Other,other,88,,Cladocopium sp.
88,88,Other,other,88,,Cladocopium sp.
88,88,Other,other,88,,Cladocopium sp.
89,89,Other,other,89,,Cladocopium sp.
89,89,Other,other,89,,Cladocopium sp.
89,89,Other,other,89,,Cladocopium sp.
89,89,Other,other,89,,Cladocopium sp.
89,89,Other,other,89,,Cladocopium sp.
90,90,Other,other,90,,Cladocopium sp.
90,90,Other,other,90,,Cladocopium sp.
91,91,Other,other,91,,Cladocopium sp.
91,91,Other,other,91,,Cladocopium sp.
91,91,Other,other,91,,Cladocopium sp.
91,91,Other,other,91,,Cladocopium sp.
92,92,Other,other,92,,Cladocopium sp.
92,92,Other,other,92,,Cladocopium sp.
92,92,Other,other,92,,Cladocopium sp.
93,93,Other,other,93,,Cladocopium sp.
93,93,Other,other,93,,Cladocopium sp.
93,93,Other,other,93,,Cladocopium sp.
94,94,Other,other,94,,Cladocopium sp.
94,94,Other,other,94,,Cladocopium sp.
94,94,Other,other,94,,Cladocopium sp.
94,94,Other,other,94,,Cladocopium sp.
94,94,Other,other,94,,Cladocopium sp.
94,94,Other,other,94,,Cladocopium sp.
94,94,Other,other,94,,Cladocopium sp.
94,94,Other,other,94,,Cladocopium sp.
95,95,Other,other,95,,Cladocopium sp.
95,95,Other,other,95,,Cladocopium sp.
95,95,Other,other,95,,Cladocopium sp.
95,95,Other,other,95,,Cladocopium sp.
95,95,Other,other,95,,Cladocopium sp.
95,95,Other,other,95,,Cladocopium sp.
95,95,Other,other,95,,Cladocopium sp.
96,96,Other,other,96,,Cladocopium sp.
96,96,Other,other,96,,Cladocopium sp.
96,96,Other,other,96,,Cladocopium sp.
96,96,Other,other,96,,Cladocopium sp.
96,96,Other,other,96,,Cladocopium sp.
96,96,Other,other,96,,Cladocopium sp.
96,96,Other,other,96,,Cladocopium sp.
96,96,Other,other,96,,Cladocopium sp.
97,97,Other,other,97,,Cladocopium sp.
97,97,Other,other,97,,Cladocopium sp.
97,97,Other,other,97,,Cladocopium sp.
97,97,Other,other,97,,Cladocopium sp.
97,97,Other,other,97,,Cladocopium sp.
97,97,Other,other,97,,Cladocopium sp.
97,97,Other,other,97,,Cladocopium sp.
97,97,Other,other,97,,Cladocopium sp.
97,97,Other,other,97,,Cladocopium sp.
98,98,Other,other,98,,Cladocopium sp.
98,98,Other,other,98,,Cladocopium sp.
98,98,Other,other,98,,Cladocopium sp.
98,98,Other,other,98,,Cladocopium sp.
98,98,Other,other,98,,Cladocopium sp.
98,98,Other,other,98,,Cladocopium sp.
98,98,Other,other,98,,Cladocopium sp.
98,98,Other,other,98,,Cladocopium sp.
98,98,Other,other,98,,Cladocopium sp.
98,98,Other,other,98,,Cladocopium sp.
98,98,Other,other,98,,Cladocopium sp.
98,98,Other,other,98,,Cladocopium sp.
98,98,Other,other,98,,Cladocopium sp.
99,99,Other,other,99,,Cladocopium sp.
99,99,Other,other,99,,Cladocopium sp.
99,99,Other,other,99,,Cladocopium sp.
99,99,Other,other,99,,Cladocopium sp.
99,99,Other,other,99,,Cladocopium sp.
99,99,Other,other,99,,Cladocopium sp.
99,99,Other,other,99,,Cladocopium sp.
99,99,Other,other,99,,Cladocopium sp.
99,99,Other,other,99,,Cladocopium sp.
99,99,Other,other,99,,Cladocopium sp.
99,99,Other,other,99,,Cladocopium sp.
99,99,Other,other,99,,Cladocopium sp.
99,99,Other,other,99,,Cladocopium sp.
99,99,Other,other,99,,Cladocopium sp.
99,99,Other,other,99,,Cladocopium sp.
99,99,Other,other,99,,Cladocopium sp.
99,99,Other,other,99,,Cladocopium sp.
99,99,Other,other,99,,Cladocopium sp.
100,100,Other,other,100,,Cladocopium sp.
100,100,Other,other,100,,Cladocopium sp.
100,100,Other,other,100,,Cladocopium sp.
100,100,Other,other,100,,Cladocopium sp.
100,100,Other,other,100,,Cladocopium sp.
100,100,Other,other,100,,Cladocopium sp.
100,100,Other,other,100,,Cladocopium sp.
100,100,Other,other,100,,Cladocopium sp.
100,100,Other,other,100,,Cladocopium sp.
100,100,Other,other,100,,Cladocopium sp.
100,100,Other,other,100,,Cladocopium sp.
100,100,Other,other,100,,Cladocopium sp.
100,100,Other,other,100,,Cladocopium sp.
100,100,Other,other,100,,Cladocopium sp.
100,100,Other,other,100,,Cladocopium sp.
100,100,Other,other,100,,Cladocopium sp.
100,100,Other,other,100,,Cladocopium sp.
100,100,Other,other,100,,Cladocopium sp.
100,100,Other,other,100,,Cladocopium sp.
100,100,Other,other,100,,Cladocopium sp.
100,100,Other,other,100,,Cladocopium sp.
100,100,Other,other,100,,Cladocopium sp.
100,100,Other,other,100,,Cladocopium sp.
100,100,Other,other,100,,Cladocopium sp.
100,100,Other,other,100,,Cladocopium sp.
100,100,Other,other,100,,Cladocopium sp.
100,100,Other,other,100,,Cladocopium sp.
100,100,Other,other,100,,Cladocopium sp.
100,100,Other,other,100,,Cladocopium sp.
100,100,Other,other,100,,Cladocopium sp.
100,100,Other,other,100,,Cladocopium sp.
100,100,Other,other,100,,Cladocopium sp.
100,100,Other,other,100,,Cladocopium sp.
100,100,Other,other,100,,Cladocopium sp.
100,100,Other,other,100,,Cladocopium sp.
100,100,Other,other,100,,Cladocopium sp.
100,100,Other,other,100,,Cladocopium sp.
100,100,Other,other,100,,Cladocopium sp.
100,100,Other,other,100,,Cladocopium sp.
100,100,Other,other,100,,Cladocopium sp.
100,100,Other,other,100,,Cladocopium sp.
100,100,Other,other,100,,Cladocopium sp.
100,100,Other,other,100,,Cladocopium sp.
100,100,Other,other,100,,Cladocopium sp.
100,100,Other,other,100,,Cladocopium sp.
100,100,Other,other,100,,Cladocopium sp.
100,100,Other,other,100,,Cladocopium sp.
100,100,Other,other,100,,Cladocopium sp.
100,100,Other,other,100,,Cladocopium sp.
100,100,Other,other,100,,Cladocopium sp.
100,100,Other,other,100,,Cladocopium sp.
100,100,Other,other,100,,Cladocopium sp.
100,100,Other,other,100,,Cladocopium sp.
100,100,Other,other,100,,Cladocopium sp.
100,100,Other,other,100,,Cladocopium sp.
100,100,Other,other,100,,Cladocopium sp.
100,100,Other,other,100,,Cladocopium sp.
100,100,Other,other,100,,Cladocopium sp.
100,100,Other,other,100,,Cladocopium sp.
100,100,Other,other,100,,Cladocopium sp.
100,100,Other,other,100,,Cladocopium sp.
100,100,Other,other,100,,Cladocopium sp.
100,100,Other,other,100,,Cladocopium sp.
100,100,Other,other,100,,Cladocopium sp.
100,100,Other,other,100,,Cladocopium sp.
100,100,Other,other,100,,Cladocopium sp.
100,100,Other,other,100,,Cladocopium sp.
100,100,Other,other,100,,Cladocopium sp.
100,100,Other,other,100,,Cladocopium sp.
100,100,Other,other,100,,Cladocopium sp.
100,100,Other,other,100,,Cladocopium sp.
54_clean,11_months_#6,Current_study,Current,11_months,11_months,Cladocopium sp.
52_clean,11_months_#2,Current_study,Current,11_months,11_months,C64
51_clean,11_months_#1,Current_study,Current,11_months,11_months,C64
49_clean,11_months_#3,Current_study,Current,11_months,11_months,Cladocopium sp.
47.1_clean,11_months_#5,Current_study,Current,11_months,11_months,Cladocopium sp.
46.1_clean,11_months_#4,Current_study,Current,11_months,11_months,Cladocopium sp.
18.2_clean,2_Months_#1,Current_study,Current,2_months,2_months,C1
16.2_clean,2_Months_#3,Current_study,Current,2_months,2_months,C64
16.1_clean,2_Months_#5,Current_study,Current,2_months,2_months,Cladocopium sp.
15.3_clean,2_Months_#2,Current_study,Current,2_months,2_months,C64
15.2_clean,2_Months_#6,Current_study,Current,2_months,2_months,C3gulf
15.1_clean,2_Months_#7,Current_study,Current,2_months,2_months,C3gulf
12.2_clean,2_Months_#4,Current_study,Current,2_months,2_months,C64
12.1_clean,1_week_#2,Current_study,Current,2_months,2_months,C3gulf
37_clean,5_months_#14,Current_study,Current,5_months,5_months,C64
36_clean,5_months_#2,Current_study,Current,5_months,5_months,C64
35_clean,5_months_#10,Current_study,Current,5_months,5_months,C64
34_clean,5_months_#9,Current_study,Current,5_months,5_months,C64
33.2_clean,5_months_#1,Current_study,Current,5_months,5_months,C64
32_clean,5_months_#11,Current_study,Current,5_months,5_months,C64
30_clean,5_months_#6,Current_study,Current,5_months,5_months,C64
29_clean,5_months_#5,Current_study,Current,5_months,5_months,C64
28_clean,5_months_#8,Current_study,Current,5_months,5_months,C64
26_clean,5_months_#4,Current_study,Current,5_months,5_months,C64
25.2_clean,5_months_#13,Current_study,Current,5_months,5_months,C64
25.1_clean,5_months_#17,Current_study,Current,5_months,5_months,Cladocopium sp.
24.2_clean,5_months_#16,Current_study,Current,5_months,5_months,C64
24.1_clean,5_months_#15,Current_study,Current,5_months,5_months,C64
23_clean,5_months_#12,Current_study,Current,5_months,5_months,C64
22_clean,5_months_#3,Current_study,Current,5_months,5_months,C64
21_clean,5_months_#7,Current_study,Current,5_months,5_months,C64
48_clean,7_months_#3,Current_study,Current,7_months,7_months,C64
47.2_clean,7_months_#4,Current_study,Current,7_months,7_months,C64
46.2_clean,7_months_#9,Current_study,Current,7_months,7_months,C64
45.2_clean,7_months_#5,Current_study,Current,7_months,7_months,C64
44_clean,7_months_#1,Current_study,Current,7_months,7_months,C64
42_clean,7_months_#2,Current_study,Current,7_months,7_months,C64
41.2_clean,7_months_#10,Current_study,Current,7_months,7_months,C64
40_clean,7_months_#8,Current_study,Current,7_months,7_months,C64
4_clean,7 months_#11,Current_study,Current,7_months,7_months,C64
39.1_clean,7_months_#7,Current_study,Current,7_months,7_months,C64
38_clean,7_months_#6,Current_study,Current,7_months,7_months,C64
BH1356,BH1356,Hume et al. 2015,other,BH1356,,C3gulf
BH1392,BH1392,Hume et al. 2015,other,BH1392,,C3gulf
BH1411,BH1411,Hume et al. 2015,other,BH1411,,C3gulf
BH1413,BH1413,Hume et al. 2015,other,BH1413,,C3gulf
BH1414,BH1414,Hume et al. 2015,other,BH1414,,C3gulf
BH1415,BH1415,Hume et al. 2015,other,BH1415,,C3gulf
BH1417,BH1417,Hume et al. 2015,other,BH1417,,C3gulf
BH1419,BH1419,Hume et al. 2015,other,BH1419,,C3gulf
BH1422,BH1422,Hume et al. 2015,other,BH1422,,C3gulf
BH1423,BH1423,Hume et al. 2015,other,BH1423,,C3gulf
BH1424,BH1424,Hume et al. 2015,other,BH1424,,C3gulf
BH1425,BH1425,Hume et al. 2015,other,BH1425,,C3gulf
BH1426,BH1426,Hume et al. 2015,other,BH1426,,C3gulf
BH1427,BH1427,Hume et al. 2015,other,BH1427,,C3gulf
BH1428,BH1428,Hume et al. 2015,other,BH1428,,C3gulf
BH1448,BH1448,Hume et al. 2015,other,BH1448,,C3gulf
BH1449,BH1449,Hume et al. 2015,other,BH1449,,C3gulf
BH1450,BH1450,Hume et al. 2015,other,BH1450,,C3gulf
BH1451,BH1451,Hume et al. 2015,other,BH1451,,C3gulf
BH1453,BH1453,Hume et al. 2015,other,BH1453,,C3gulf
BH1456,BH1456,Hume et al. 2015,other,BH1456,,C3gulf
BH1458,BH1458,Hume et al. 2015,other,BH1458,,C3gulf
C1_KF572153.1,C1_KF572153.1,LaJeunesse & Thornhill 2011,other,C1_KF572153.1,,C1
C1_KF572154.1,C1_KF572154.1,LaJeunesse & Thornhill 2011,other,C1_KF572154.1,,C1
C1_KF572155.1,C1_KF572155.1,LaJeunesse & Thornhill 2011,other,C1_KF572155.1,,C1
C1_KF572156.1,C1_KF572156.1,LaJeunesse & Thornhill 2011,other,C1_KF572156.1,,C1
C1_KF572157.1,C1_KF572157.1,LaJeunesse & Thornhill 2011,other,C1_KF572157.1,,C1
C1_KF572158.1,C1_KF572158.1,LaJeunesse & Thornhill 2011,other,C1_KF572158.1,,C1
C1_KF572159.1,C1_KF572159.1,LaJeunesse & Thornhill 2011,other,C1_KF572159.1,,C1
C1_KF572160.1,C1_KF572160.1,LaJeunesse & Thornhill 2011,other,C1_KF572160.1,,C1
C1_KF572161.1,C1_KF572161.1,LaJeunesse & Thornhill 2011,other,C1_KF572161.1,,C1
C1_KF572162.1,C1_KF572162.1,LaJeunesse & Thornhill 2011,other,C1_KF572162.1,,C1
C1_KF572163.1,C1_KF572163.1,LaJeunesse & Thornhill 2011,other,C1_KF572163.1,,C1
C1_KF572164.1,C1_KF572164.1,LaJeunesse & Thornhill 2011,other,C1_KF572164.1,,C1
C1_KF572165.1,C1_KF572165.1,LaJeunesse & Thornhill 2011,other,C1_KF572165.1,,C1
C1_KF572166.1,C1_KF572166.1,LaJeunesse & Thornhill 2011,other,C1_KF572166.1,,C1
C1_KF572167.1,C1_KF572167.1,LaJeunesse & Thornhill 2011,other,C1_KF572167.1,,C1
C1_KF572168.1,C1_KF572168.1,LaJeunesse & Thornhill 2011,other,C1_KF572168.1,,C1
C1_KF572169.1,C1_KF572169.1,LaJeunesse & Thornhill 2011,other,C1_KF572169.1,,C1
C1_KF572170.1,C1_KF572170.1,LaJeunesse & Thornhill 2011,other,C1_KF572170.1,,C1
C1_KF572171.1,C1_KF572171.1,LaJeunesse & Thornhill 2011,other,C1_KF572171.1,,C1
C1_KF572172.1,C1_KF572172.1,LaJeunesse & Thornhill 2011,other,C1_KF572172.1,,C1
C1_KF572173.1,C1_KF572173.1,LaJeunesse & Thornhill 2011,other,C1_KF572173.1,,C1
C1_KF572174.1,C1_KF572174.1,LaJeunesse & Thornhill 2011,other,C1_KF572174.1,,C1
C1_KF572175.1,C1_KF572175.1,LaJeunesse & Thornhill 2011,other,C1_KF572175.1,,C1
C1_KF572176.1,C1_KF572176.1,LaJeunesse & Thornhill 2011,other,C1_KF572176.1,,C1
C1_KF572177.1,C1_KF572177.1,LaJeunesse & Thornhill 2011,other,C1_KF572177.1,,C1
C1_KF572178.1,C1_KF572178.1,LaJeunesse & Thornhill 2011,other,C1_KF572178.1,,C1
C1_KF572179.1,C1_KF572179.1,LaJeunesse & Thornhill 2011,other,C1_KF572179.1,,C1
C1_KF572180.1,C1_KF572180.1,LaJeunesse & Thornhill 2011,other,C1_KF572180.1,,C1
C1_KF572181.1,C1_KF572181.1,LaJeunesse & Thornhill 2011,other,C1_KF572181.1,,C1
C1_KF572182.1,C1_KF572182.1,LaJeunesse & Thornhill 2011,other,C1_KF572182.1,,C1
C1_KF572183.1,C1_KF572183.1,LaJeunesse & Thornhill 2011,other,C1_KF572183.1,,C1
C1_KF572184.1,C1_KF572184.1,LaJeunesse & Thornhill 2011,other,C1_KF572184.1,,C1
C1_KF572189.1,C1_KF572189.1,LaJeunesse & Thornhill 2011,other,C1_KF572189.1,,C1
C1_KF572190.1,C1_KF572190.1,LaJeunesse & Thornhill 2011,other,C1_KF572190.1,,C1
C1_KF572191.1,C1_KF572191.1,LaJeunesse & Thornhill 2011,other,C1_KF572191.1,,C1
C1_KF572192.1,C1_KF572192.1,LaJeunesse & Thornhill 2011,other,C1_KF572192.1,,C1
C1_KF572193.1,C1_KF572193.1,LaJeunesse & Thornhill 2011,other,C1_KF572193.1,,C1
C1_KF572194.1,C1_KF572194.1,LaJeunesse & Thornhill 2011,other,C1_KF572194.1,,C1
C1_KF572195.1,C1_KF572195.1,LaJeunesse & Thornhill 2011,other,C1_KF572195.1,,C1
C1_KF572196.1,C1_KF572196.1,LaJeunesse & Thornhill 2011,other,C1_KF572196.1,,C1
C1_KF572197.1,C1_KF572197.1,LaJeunesse & Thornhill 2011,other,C1_KF572197.1,,C1
C1_KF572198.1,C1_KF572198.1,LaJeunesse & Thornhill 2011,other,C1_KF572198.1,,C1
C1_KF572199.1,C1_KF572199.1,LaJeunesse & Thornhill 2011,other,C1_KF572199.1,,C1
C1_KF572200.1,C1_KF572200.1,LaJeunesse & Thornhill 2011,other,C1_KF572200.1,,C1
C1_KF572201.1,C1_KF572201.1,LaJeunesse & Thornhill 2011,other,C1_KF572201.1,,C1
C1_KF572202.1,C1_KF572202.1,LaJeunesse & Thornhill 2011,other,C1_KF572202.1,,C1
C1_KF572203.1,C1_KF572203.1,LaJeunesse & Thornhill 2011,other,C1_KF572203.1,,C1
C1_KF572204.1,C1_KF572204.1,LaJeunesse & Thornhill 2011,other,C1_KF572204.1,,C1
C1_KF572205.1,C1_KF572205.1,LaJeunesse & Thornhill 2011,other,C1_KF572205.1,,C1
C1_KF572206.1,C1_KF572206.1,LaJeunesse & Thornhill 2011,other,C1_KF572206.1,,C1
C1_KF572207.1,C1_KF572207.1,LaJeunesse & Thornhill 2011,other,C1_KF572207.1,,C1
C1_KF572208.1,C1_KF572208.1,LaJeunesse & Thornhill 2011,other,C1_KF572208.1,,C1
C1_KF572209.1,C1_KF572209.1,LaJeunesse & Thornhill 2011,other,C1_KF572209.1,,C1
C1_KF572210.1,C1_KF572210.1,LaJeunesse & Thornhill 2011,other,C1_KF572210.1,,C1
C12_KF572237.1,C12_KF572237.1,LaJeunesse & Thornhill 2011,other,C12_KF572237.1,,C7
C12_KF572238.1,C12_KF572238.1,LaJeunesse & Thornhill 2011,other,C12_KF572238.1,,C7
C12_KF572239.1,C12_KF572239.1,LaJeunesse & Thornhill 2011,other,C12_KF572239.1,,C7
C16_KF572350.1,C16_KF572350.1,LaJeunesse & Thornhill 2011,other,C16_KF572350.1,,C3
C16_KF572351.1,C16_KF572351.1,LaJeunesse & Thornhill 2011,other,C16_KF572351.1,,C3
C16_KF572352.1,C16_KF572352.1,LaJeunesse & Thornhill 2011,other,C16_KF572352.1,,C3
C16a_KF572348.1,C16a_KF572348.1,LaJeunesse & Thornhill 2011,other,C16a_KF572348.1,,C3
C16a_KF572349.1,C16a_KF572349.1,LaJeunesse & Thornhill 2011,other,C16a_KF572349.1,,C3
C1aj_KF572185.1,C1aj_KF572185.1,LaJeunesse & Thornhill 2011,other,C1aj_KF572185.1,,C1
C1aj_KF572186.1,C1aj_KF572186.1,LaJeunesse & Thornhill 2011,other,C1aj_KF572186.1,,C1
C1aj_KF572187.1,C1aj_KF572187.1,LaJeunesse & Thornhill 2011,other,C1aj_KF572187.1,,C1
C1bf_KF572213.1,C1bf_KF572213.1,LaJeunesse & Thornhill 2011,other,C1bf_KF572213.1,,C1
C1bf_KF572214.1,C1bf_KF572214.1,LaJeunesse & Thornhill 2011,other,C1bf_KF572214.1,,C1
C1bf_KF572215.1,C1bf_KF572215.1,LaJeunesse & Thornhill 2011,other,C1bf_KF572215.1,,C1
C1bf_KF572216.1,C1bf_KF572216.1,LaJeunesse & Thornhill 2011,other,C1bf_KF572216.1,,C1
C1bf_KF572217.1,C1bf_KF572217.1,LaJeunesse & Thornhill 2011,other,C1bf_KF572217.1,,C1
C1bf_KF572218.1,C1bf_KF572218.1,LaJeunesse & Thornhill 2011,other,C1bf_KF572218.1,,C1
C1bf_KF572219.1,C1bf_KF572219.1,LaJeunesse & Thornhill 2011,other,C1bf_KF572219.1,,C1
C1bf_KF572220.1,C1bf_KF572220.1,LaJeunesse & Thornhill 2011,other,C1bf_KF572220.1,,C1
C1bf_KF572221.1,C1bf_KF572221.1,LaJeunesse & Thornhill 2011,other,C1bf_KF572221.1,,C1
C1v_KF572211.1,C1v_KF572211.1,LaJeunesse & Thornhill 2011,other,C1v_KF572211.1,,C1
C1v_KF572212.1,C1v_KF572212.1,LaJeunesse & Thornhill 2011,other,C1v_KF572212.1,,C1
C27_JQ043667.1,C27_JQ043667.1,LaJeunesse & Thornhill 2011,other,C27_JQ043667.1,,C27
C27_JQ043668.1,C27_JQ043668.1,LaJeunesse & Thornhill 2011,other,C27_JQ043668.1,,C27
C27_JQ043669.1,C27_JQ043669.1,LaJeunesse & Thornhill 2011,other,C27_JQ043669.1,,C27
C27_JQ043670.1,C27_JQ043670.1,LaJeunesse & Thornhill 2011,other,C27_JQ043670.1,,C27
C27_JQ043671.1,C27_JQ043671.1,LaJeunesse & Thornhill 2011,other,C27_JQ043671.1,,C27
C27_JQ043672.1,C27_JQ043672.1,LaJeunesse & Thornhill 2011,other,C27_JQ043672.1,,C27
C27_JQ043673.1,C27_JQ043673.1,LaJeunesse & Thornhill 2011,other,C27_JQ043673.1,,C27
C27_JQ043674.1,C27_JQ043674.1,LaJeunesse & Thornhill 2011,other,C27_JQ043674.1,,C27
C27_JQ043676.1,C27_JQ043676.1,LaJeunesse & Thornhill 2011,other,C27_JQ043676.1,,C27
C3_JQ043634.1,C3_JQ043634.1,LaJeunesse & Thornhill 2011,other,C3_JQ043634.1,,C3
C3_JQ043635.1,C3_JQ043635.1,LaJeunesse & Thornhill 2011,other,C3_JQ043635.1,,C3
C3_JQ043636.1,C3_JQ043636.1,LaJeunesse & Thornhill 2011,other,C3_JQ043636.1,,C3
C3_JQ043637.1,C3_JQ043637.1,LaJeunesse & Thornhill 2011,other,C3_JQ043637.1,,C3
C3_JQ043638.1,C3_JQ043638.1,LaJeunesse & Thornhill 2011,other,C3_JQ043638.1,,C3
C3_JQ043639.1,C3_JQ043639.1,LaJeunesse & Thornhill 2011,other,C3_JQ043639.1,,C3
C3_JQ043640.1,C3_JQ043640.1,LaJeunesse & Thornhill 2011,other,C3_JQ043640.1,,C3
C3_JQ043641.1,C3_JQ043641.1,LaJeunesse & Thornhill 2011,other,C3_JQ043641.1,,C3
C3_JQ043642.1,C3_JQ043642.1,LaJeunesse & Thornhill 2011,other,C3_JQ043642.1,,C3
C3_JQ043643.1,C3_JQ043643.1,LaJeunesse & Thornhill 2011,other,C3_JQ043643.1,,C3
C3_JQ043644.1,C3_JQ043644.1,LaJeunesse & Thornhill 2011,other,C3_JQ043644.1,,C3
C3_KF572272.1,C3_KF572272.1,LaJeunesse & Thornhill 2011,other,C3_KF572272.1,,C3
C3_KF572273.1,C3_KF572273.1,LaJeunesse & Thornhill 2011,other,C3_KF572273.1,,C3
C3_KF572274.1,C3_KF572274.1,LaJeunesse & Thornhill 2011,other,C3_KF572274.1,,C3
C3_KF572275.1,C3_KF572275.1,LaJeunesse & Thornhill 2011,other,C3_KF572275.1,,C3
C3_KF572277.1,C3_KF572277.1,LaJeunesse & Thornhill 2011,other,C3_KF572277.1,,C3
C3_KF572278.1,C3_KF572278.1,LaJeunesse & Thornhill 2011,other,C3_KF572278.1,,C3
C3_KF572279.1,C3_KF572279.1,LaJeunesse & Thornhill 2011,other,C3_KF572279.1,,C3
C3_KF572280.1,C3_KF572280.1,LaJeunesse & Thornhill 2011,other,C3_KF572280.1,,C3
C3_KF572281.1,C3_KF572281.1,LaJeunesse & Thornhill 2011,other,C3_KF572281.1,,C3
C3_KF572282.1,C3_KF572282.1,LaJeunesse & Thornhill 2011,other,C3_KF572282.1,,C3
C3_KF572284.1,C3_KF572284.1,LaJeunesse & Thornhill 2011,other,C3_KF572284.1,,C3
C3_KF572285.1,C3_KF572285.1,LaJeunesse & Thornhill 2011,other,C3_KF572285.1,,C3
C3_KF572286.1,C3_KF572286.1,LaJeunesse & Thornhill 2011,other,C3_KF572286.1,,C3
C3_KF572287.1,C3_KF572287.1,LaJeunesse & Thornhill 2011,other,C3_KF572287.1,,C3
C3_KF572288.1,C3_KF572288.1,LaJeunesse & Thornhill 2011,other,C3_KF572288.1,,C3
C3_KF572289.1,C3_KF572289.1,LaJeunesse & Thornhill 2011,other,C3_KF572289.1,,C3
C3_KF572290.1,C3_KF572290.1,LaJeunesse & Thornhill 2011,other,C3_KF572290.1,,C3
C3_KF572291.1,C3_KF572291.1,LaJeunesse & Thornhill 2011,other,C3_KF572291.1,,C3
C3_KF572292.1,C3_KF572292.1,LaJeunesse & Thornhill 2011,other,C3_KF572292.1,,C3
C3_KF572293.1,C3_KF572293.1,LaJeunesse & Thornhill 2011,other,C3_KF572293.1,,C3
C3_KF572294.1,C3_KF572294.1,LaJeunesse & Thornhill 2011,other,C3_KF572294.1,,C3
C3_KF572295.1,C3_KF572295.1,LaJeunesse & Thornhill 2011,other,C3_KF572295.1,,C3
C3_KF572296.1,C3_KF572296.1,LaJeunesse & Thornhill 2011,other,C3_KF572296.1,,C3
C3_KF572297.1,C3_KF572297.1,LaJeunesse & Thornhill 2011,other,C3_KF572297.1,,C3
C3_KF572298.1,C3_KF572298.1,LaJeunesse & Thornhill 2011,other,C3_KF572298.1,,C3
C3_KF572301.1,C3_KF572301.1,LaJeunesse & Thornhill 2011,other,C3_KF572301.1,,C3
C3_KF572302.1,C3_KF572302.1,LaJeunesse & Thornhill 2011,other,C3_KF572302.1,,C3
C3_KF572303.1,C3_KF572303.1,LaJeunesse & Thornhill 2011,other,C3_KF572303.1,,C3
C3_KF572304.1,C3_KF572304.1,LaJeunesse & Thornhill 2011,other,C3_KF572304.1,,C3
C3_KF572305.1,C3_KF572305.1,LaJeunesse & Thornhill 2011,other,C3_KF572305.1,,C3
C3_KF572306.1,C3_KF572306.1,LaJeunesse & Thornhill 2011,other,C3_KF572306.1,,C3
C3_KF572307.1,C3_KF572307.1,LaJeunesse & Thornhill 2011,other,C3_KF572307.1,,C3
C3_KF572308.1,C3_KF572308.1,LaJeunesse & Thornhill 2011,other,C3_KF572308.1,,C3
C3_KF572309.1,C3_KF572309.1,LaJeunesse & Thornhill 2011,other,C3_KF572309.1,,C3
C3_KF572310.1,C3_KF572310.1,LaJeunesse & Thornhill 2011,other,C3_KF572310.1,,C3
C3_KF572313.1,C3_KF572313.1,LaJeunesse & Thornhill 2011,other,C3_KF572313.1,,C3
C3_KF572314.1,C3_KF572314.1,LaJeunesse & Thornhill 2011,other,C3_KF572314.1,,C3
C3_KF572315.1,C3_KF572315.1,LaJeunesse & Thornhill 2011,other,C3_KF572315.1,,C3
C3_KF572316.1,C3_KF572316.1,LaJeunesse & Thornhill 2011,other,C3_KF572316.1,,C3
C3_KF572317.1,C3_KF572317.1,LaJeunesse & Thornhill 2011,other,C3_KF572317.1,,C3
C3_KF572318.1,C3_KF572318.1,LaJeunesse & Thornhill 2011,other,C3_KF572318.1,,C3
C3_KF572319.1,C3_KF572319.1,LaJeunesse & Thornhill 2011,other,C3_KF572319.1,,C3
C3_KF572320.1,C3_KF572320.1,LaJeunesse & Thornhill 2011,other,C3_KF572320.1,,C3
C3_KF572321.1,C3_KF572321.1,LaJeunesse & Thornhill 2011,other,C3_KF572321.1,,C3
C3_KF572322.1,C3_KF572322.1,LaJeunesse & Thornhill 2011,other,C3_KF572322.1,,C3
C3_KF572323.1,C3_KF572323.1,LaJeunesse & Thornhill 2011,other,C3_KF572323.1,,C3
C3_KF572324.1,C3_KF572324.1,LaJeunesse & Thornhill 2011,other,C3_KF572324.1,,C3
C3_KF572325.1,C3_KF572325.1,LaJeunesse & Thornhill 2011,other,C3_KF572325.1,,C3
C3_KF572326.1,C3_KF572326.1,LaJeunesse & Thornhill 2011,other,C3_KF572326.1,,C3
C3_KF572327.1,C3_KF572327.1,LaJeunesse & Thornhill 2011,other,C3_KF572327.1,,C3
C3_KF572328.1,C3_KF572328.1,LaJeunesse & Thornhill 2011,other,C3_KF572328.1,,C3
C3_KF572329.1,C3_KF572329.1,LaJeunesse & Thornhill 2011,other,C3_KF572329.1,,C3
C3_KF572330.1,C3_KF572330.1,LaJeunesse & Thornhill 2011,other,C3_KF572330.1,,C3
C3_KF572331.1,C3_KF572331.1,LaJeunesse & Thornhill 2011,other,C3_KF572331.1,,C3
C3_KF572332.1,C3_KF572332.1,LaJeunesse & Thornhill 2011,other,C3_KF572332.1,,C3
C3_KF572333.1,C3_KF572333.1,LaJeunesse & Thornhill 2011,other,C3_KF572333.1,,C3
C3_KF572334.1,C3_KF572334.1,LaJeunesse & Thornhill 2011,other,C3_KF572334.1,,C3
C3_KF572335.1,C3_KF572335.1,LaJeunesse & Thornhill 2011,other,C3_KF572335.1,,C3
C3_KF572342.1,C3_KF572342.1,LaJeunesse & Thornhill 2011,other,C3_KF572342.1,,C3
C3_KF572343.1,C3_KF572343.1,LaJeunesse & Thornhill 2011,other,C3_KF572343.1,,C3
C3_KF572344.1,C3_KF572344.1,LaJeunesse & Thornhill 2011,other,C3_KF572344.1,,C3
C3_KF572345.1,C3_KF572345.1,LaJeunesse & Thornhill 2011,other,C3_KF572345.1,,C3
C3_KF572346.1,C3_KF572346.1,LaJeunesse & Thornhill 2011,other,C3_KF572346.1,,C3
C3_KF572347.1,C3_KF572347.1,LaJeunesse & Thornhill 2011,other,C3_KF572347.1,,C3
C3_KF572353.1,C3_KF572353.1,LaJeunesse & Thornhill 2011,other,C3_KF572353.1,,C3
C3_KF572354.1,C3_KF572354.1,LaJeunesse & Thornhill 2011,other,C3_KF572354.1,,C3
C3_KF572355.1,C3_KF572355.1,LaJeunesse & Thornhill 2011,other,C3_KF572355.1,,C3
C3_KF572356.1,C3_KF572356.1,LaJeunesse & Thornhill 2011,other,C3_KF572356.1,,C3
C3_KF572363.1,C3_KF572363.1,LaJeunesse & Thornhill 2011,other,C3_KF572363.1,,C3
C3_KF572372.1,C3_KF572372.1,LaJeunesse & Thornhill 2011,other,C3_KF572372.1,,C3
C3_KF572375.1,C3_KF572375.1,LaJeunesse & Thornhill 2011,other,C3_KF572375.1,,C3
C3_KF572376.1,C3_KF572376.1,LaJeunesse & Thornhill 2011,other,C3_KF572376.1,,C3
C3_KF572377.1,C3_KF572377.1,LaJeunesse & Thornhill 2011,other,C3_KF572377.1,,C3
C3_KF572378.1,C3_KF572378.1,LaJeunesse & Thornhill 2011,other,C3_KF572378.1,,C3
C3_KF572379.1,C3_KF572379.1,LaJeunesse & Thornhill 2011,other,C3_KF572379.1,,C3
C3_KF572395.1,C3_KF572395.1,LaJeunesse & Thornhill 2011,other,C3_KF572395.1,,C3
C3_KF572396.1,C3_KF572396.1,LaJeunesse & Thornhill 2011,other,C3_KF572396.1,,C3
C3_KF572397.1,C3_KF572397.1,LaJeunesse & Thornhill 2011,other,C3_KF572397.1,,C3
C3_KF572398.1,C3_KF572398.1,LaJeunesse & Thornhill 2011,other,C3_KF572398.1,,C3
C3_KF572404.1,C3_KF572404.1,LaJeunesse & Thornhill 2011,other,C3_KF572404.1,,C3
C3_KF572405.1,C3_KF572405.1,LaJeunesse & Thornhill 2011,other,C3_KF572405.1,,C3
C3_KF572406.1,C3_KF572406.1,LaJeunesse & Thornhill 2011,other,C3_KF572406.1,,C3
C3_KF572407.1,C3_KF572407.1,LaJeunesse & Thornhill 2011,other,C3_KF572407.1,,C3
C3_KF572408.1,C3_KF572408.1,LaJeunesse & Thornhill 2011,other,C3_KF572408.1,,C3
C3_KF572409.1,C3_KF572409.1,LaJeunesse & Thornhill 2011,other,C3_KF572409.1,,C3
C3_KF572410.1,C3_KF572410.1,LaJeunesse & Thornhill 2011,other,C3_KF572410.1,,C3
C3_KF572411.1,C3_KF572411.1,LaJeunesse & Thornhill 2011,other,C3_KF572411.1,,C3
C3_KF572412.1,C3_KF572412.1,LaJeunesse & Thornhill 2011,other,C3_KF572412.1,,C3
C3_KF572413.1,C3_KF572413.1,LaJeunesse & Thornhill 2011,other,C3_KF572413.1,,C3
C3_KF572414.1,C3_KF572414.1,LaJeunesse & Thornhill 2011,other,C3_KF572414.1,,C3
C3_KF572419.1,C3_KF572419.1,LaJeunesse & Thornhill 2011,other,C3_KF572419.1,,C3
C3_KF572420.1,C3_KF572420.1,LaJeunesse & Thornhill 2011,other,C3_KF572420.1,,C3
C3_KF572421.1,C3_KF572421.1,LaJeunesse & Thornhill 2011,other,C3_KF572421.1,,C3
C3_KF572422.1,C3_KF572422.1,LaJeunesse & Thornhill 2011,other,C3_KF572422.1,,C3
C3_KF572423.1,C3_KF572423.1,LaJeunesse & Thornhill 2011,other,C3_KF572423.1,,C3
C3_KF572424.1,C3_KF572424.1,LaJeunesse & Thornhill 2011,other,C3_KF572424.1,,C3
C30_JQ043605.1,C30_JQ043605.1,LaJeunesse & Thornhill 2011,other,C30_JQ043605.1,,C3
C31_JQ043599.1,C31_JQ043599.1,LaJeunesse & Thornhill 2011,other,C31_JQ043599.1,,C3
C31_JQ043600.1,C31_JQ043600.1,LaJeunesse & Thornhill 2011,other,C31_JQ043600.1,,C3
C31_JQ043602.1,C31_JQ043602.1,LaJeunesse & Thornhill 2011,other,C31_JQ043602.1,,C3
C31_JQ043603.1,C31_JQ043603.1,LaJeunesse & Thornhill 2011,other,C31_JQ043603.1,,C3
C31_JQ043604.1,C31_JQ043604.1,LaJeunesse & Thornhill 2011,other,C31_JQ043604.1,,C3
C31_JQ043612.1,C31_JQ043612.1,LaJeunesse & Thornhill 2011,other,C31_JQ043612.1,,C3
C31_JQ043613.1,C31_JQ043613.1,LaJeunesse & Thornhill 2011,other,C31_JQ043613.1,,C3
C31_KF572371.1,C31_KF572371.1,LaJeunesse & Thornhill 2011,other,C31_KF572371.1,,C3
C31c_JQ043601.1,C31c_JQ043601.1,LaJeunesse & Thornhill 2011,other,C31c_JQ043601.1,,C3
C3a_KF572399.1,C3a_KF572399.1,LaJeunesse & Thornhill 2011,other,C3a_KF572399.1,,C3
C3a_KF572400.1,C3a_KF572400.1,LaJeunesse & Thornhill 2011,other,C3a_KF572400.1,,C3
C3a_KF572401.1,C3a_KF572401.1,LaJeunesse & Thornhill 2011,other,C3a_KF572401.1,,C3
C3a_KF572402.1,C3a_KF572402.1,LaJeunesse & Thornhill 2011,other,C3a_KF572402.1,,C3
C3a_KF572403.1,C3a_KF572403.1,LaJeunesse & Thornhill 2011,other,C3a_KF572403.1,,C3
C3b_KF572336.1,C3b_KF572336.1,LaJeunesse & Thornhill 2011,other,C3b_KF572336.1,,C3
C3b_KF572337.1,C3b_KF572337.1,LaJeunesse & Thornhill 2011,other,C3b_KF572337.1,,C3
C3b_KF572385.1,C3b_KF572385.1,LaJeunesse & Thornhill 2011,other,C3b_KF572385.1,,C3
C3b_KF572386.1,C3b_KF572386.1,LaJeunesse & Thornhill 2011,other,C3b_KF572386.1,,C3
C3b_KF572387.1,C3b_KF572387.1,LaJeunesse & Thornhill 2011,other,C3b_KF572387.1,,C3
C3b_KF572388.1,C3b_KF572388.1,LaJeunesse & Thornhill 2011,other,C3b_KF572388.1,,C3
C3b_KF572389.1,C3b_KF572389.1,LaJeunesse & Thornhill 2011,other,C3b_KF572389.1,,C3
C3b_KF572390.1,C3b_KF572390.1,LaJeunesse & Thornhill 2011,other,C3b_KF572390.1,,C3
C3b_KF572391.1,C3b_KF572391.1,LaJeunesse & Thornhill 2011,other,C3b_KF572391.1,,C3
C3b_KF572392.1,C3b_KF572392.1,LaJeunesse & Thornhill 2011,other,C3b_KF572392.1,,C3
C3b_KF572393.1,C3b_KF572393.1,LaJeunesse & Thornhill 2011,other,C3b_KF572393.1,,C3
C3b_KF572394.1,C3b_KF572394.1,LaJeunesse & Thornhill 2011,other,C3b_KF572394.1,,C3
C3c_KF572299.1,C3c_KF572299.1,LaJeunesse & Thornhill 2011,other,C3c_KF572299.1,,C3
C3c_KF572300.1,C3c_KF572300.1,LaJeunesse & Thornhill 2011,other,C3c_KF572300.1,,C3
C3h_JQ043627.1,C3h_JQ043627.1,LaJeunesse & Thornhill 2011,other,C3h_JQ043627.1,,C3
C3h_JQ043628.1,C3h_JQ043628.1,LaJeunesse & Thornhill 2011,other,C3h_JQ043628.1,,C3
C3h_JQ043629.1,C3h_JQ043629.1,LaJeunesse & Thornhill 2011,other,C3h_JQ043629.1,,C3
C3h_C3h_JQ043630.1,C3h_JQ043630.1,LaJeunesse & Thornhill 2011,other,C3h_JQ043630.1,,C3
C3h_JQ043631.1,C3h_JQ043631.1,LaJeunesse & Thornhill 2011,other,C3h_JQ043631.1,,C3
C3h_KF572373.1,C3h_KF572373.1,LaJeunesse & Thornhill 2011,other,C3h_KF572373.1,,C3
C3h_KF572374.1,C3h_KF572374.1,LaJeunesse & Thornhill 2011,other,C3h_KF572374.1,,C3
C3K_JQ043645.1,C3K_JQ043645.1,LaJeunesse & Thornhill 2011,other,C3K_JQ043645.1,,C3
C3K_JQ043646.1,C3K_JQ043646.1,LaJeunesse & Thornhill 2011,other,C3K_JQ043646.1,,C3
C3K_JQ043647.1,C3K_JQ043647.1,LaJeunesse & Thornhill 2011,other,C3K_JQ043647.1,,C3
C3K_JQ043648.1,C3K_JQ043648.1,LaJeunesse & Thornhill 2011,other,C3K_JQ043648.1,,C3
C3s_KF572380.1,C3s_KF572380.1,LaJeunesse & Thornhill 2011,other,C3s_KF572380.1,,C3
C3s_KF572381.1,C3s_KF572381.1,LaJeunesse & Thornhill 2011,other,C3s_KF572381.1,,C3
C3s_KF572382.1,C3s_KF572382.1,LaJeunesse & Thornhill 2011,other,C3s_KF572382.1,,C3
C3s_KF572383.1,C3s_KF572383.1,LaJeunesse & Thornhill 2011,other,C3s_KF572383.1,,C3
C3s_KF572384.1,C3s_KF572384.1,LaJeunesse & Thornhill 2011,other,C3s_KF572384.1,,C3
C40_KF572357.1,C40_KF572357.1,LaJeunesse & Thornhill 2011,other,C40_KF572357.1,,C3
C40_KF572358.1,C40_KF572358.1,LaJeunesse & Thornhill 2011,other,C40_KF572358.1,,C3
C40_KF572359.1,C40_KF572359.1,LaJeunesse & Thornhill 2011,other,C40_KF572359.1,,C3
C40_KF572360.1,C40_KF572360.1,LaJeunesse & Thornhill 2011,other,C40_KF572360.1,,C3
C40_KF572361.1,C40_KF572361.1,LaJeunesse & Thornhill 2011,other,C40_KF572361.1,,C3
C40_KF572362.1,C40_KF572362.1,LaJeunesse & Thornhill 2011,other,C40_KF572362.1,,C3
C40_KF572364.1,C40_KF572364.1,LaJeunesse & Thornhill 2011,other,C40_KF572364.1,,C3
C40_KF572365.1,C40_KF572365.1,LaJeunesse & Thornhill 2011,other,C40_KF572365.1,,C3
C40_KF572366.1,C40_KF572366.1,LaJeunesse & Thornhill 2011,other,C40_KF572366.1,,C3
C40_KF572367.1,C40_KF572367.1,LaJeunesse & Thornhill 2011,other,C40_KF572367.1,,C3
C40_KF572368.1,C40_KF572368.1,LaJeunesse & Thornhill 2011,other,C40_KF572368.1,,C3
C40_KF572369.1,C40_KF572369.1,LaJeunesse & Thornhill 2011,other,C40_KF572369.1,,C3
C40_KF572370.1,C40_KF572370.1,LaJeunesse & Thornhill 2011,other,C40_KF572370.1,,C3
C7_KF572247.1,C7_KF572247.1,LaJeunesse & Thornhill 2011,other,C7_KF572247.1,,C7
C7_KF572248.1,C7_KF572248.1,LaJeunesse & Thornhill 2011,other,C7_KF572248.1,,C7
C7_KF572249.1,C7_KF572249.1,LaJeunesse & Thornhill 2011,other,C7_KF572249.1,,C7
C7_KF572250.1,C7_KF572250.1,LaJeunesse & Thornhill 2011,other,C7_KF572250.1,,C7
C7_KF572251.1,C7_KF572251.1,LaJeunesse & Thornhill 2011,other,C7_KF572251.1,,C7
C7_KF572252.1,C7_KF572252.1,LaJeunesse & Thornhill 2011,other,C7_KF572252.1,,C7
C7_KF572253.1,C7_KF572253.1,LaJeunesse & Thornhill 2011,other,C7_KF572253.1,,C7
C7_KF572254.1,C7_KF572254.1,LaJeunesse & Thornhill 2011,other,C7_KF572254.1,,C7
C7_KF572255.1,C7_KF572255.1,LaJeunesse & Thornhill 2011,other,C7_KF572255.1,,C7
C7_KF572256.1,C7_KF572256.1,LaJeunesse & Thornhill 2011,other,C7_KF572256.1,,C7
C7_KF572257.1,C7_KF572257.1,LaJeunesse & Thornhill 2011,other,C7_KF572257.1,,C7
C7_KF572258.1,C7_KF572258.1,LaJeunesse & Thornhill 2011,other,C7_KF572258.1,,C7
C7_KF572259.1,C7_KF572259.1,LaJeunesse & Thornhill 2011,other,C7_KF572259.1,,C7
C7_KF572260.1,C7_KF572260.1,LaJeunesse & Thornhill 2011,other,C7_KF572260.1,,C7
C7_KF572261.1,C7_KF572261.1,LaJeunesse & Thornhill 2011,other,C7_KF572261.1,,C7
C7_KF572262.1,C7_KF572262.1,LaJeunesse & Thornhill 2011,other,C7_KF572262.1,,C7
C7_KF572263.1,C7_KF572263.1,LaJeunesse & Thornhill 2011,other,C7_KF572263.1,,C7
C7_KF572264.1,C7_KF572264.1,LaJeunesse & Thornhill 2011,other,C7_KF572264.1,,C7
C7_KF572265.1,C7_KF572265.1,LaJeunesse & Thornhill 2011,other,C7_KF572265.1,,C7
C7_KF572266.1,C7_KF572266.1,LaJeunesse & Thornhill 2011,other,C7_KF572266.1,,C7
C7_KF572267.1,C7_KF572267.1,LaJeunesse & Thornhill 2011,other,C7_KF572267.1,,C7
C7_KF572268.1,C7_KF572268.1,LaJeunesse & Thornhill 2011,other,C7_KF572268.1,,C7
C7_KF572269.1,C7_KF572269.1,LaJeunesse & Thornhill 2011,other,C7_KF572269.1,,C7
C7_KF572270.1,C7_KF572270.1,LaJeunesse & Thornhill 2011,other,C7_KF572270.1,,C7
C7_KF572271.1,C7_KF572271.1,LaJeunesse & Thornhill 2011,other,C7_KF572271.1,,C7
C7a_KF572222.1,C7a_KF572222.1,LaJeunesse & Thornhill 2011,other,C7a_KF572222.1,,C7
C7a_KF572223.1,C7a_KF572223.1,LaJeunesse & Thornhill 2011,other,C7a_KF572223.1,,C7
C7a_KF572224.1,C7a_KF572224.1,LaJeunesse & Thornhill 2011,other,C7a_KF572224.1,,C7
C7a_KF572225.1,C7a_KF572225.1,LaJeunesse & Thornhill 2011,other,C7a_KF572225.1,,C7
C7a_KF572226.1,C7a_KF572226.1,LaJeunesse & Thornhill 2011,other,C7a_KF572226.1,,C7
C7a_KF572227.1,C7a_KF572227.1,LaJeunesse & Thornhill 2011,other,C7a_KF572227.1,,C7
C7a_KF572228.1,C7a_KF572228.1,LaJeunesse & Thornhill 2011,other,C7a_KF572228.1,,C7
C7a_KF572229.1,C7a_KF572229.1,LaJeunesse & Thornhill 2011,other,C7a_KF572229.1,,C7
C7a_KF572230.1,C7a_KF572230.1,LaJeunesse & Thornhill 2011,other,C7a_KF572230.1,,C7
C7a_KF572231.1,C7a_KF572231.1,LaJeunesse & Thornhill 2011,other,C7a_KF572231.1,,C7
C7a_KF572232.1,C7a_KF572232.1,LaJeunesse & Thornhill 2011,other,C7a_KF572232.1,,C7
C7a_KF572233.1,C7a_KF572233.1,LaJeunesse & Thornhill 2011,other,C7a_KF572233.1,,C7
C7a_KF572234.1,C7a_KF572234.1,LaJeunesse & Thornhill 2011,other,C7a_KF572234.1,,C7
C7a_KF572241.1,C7a_KF572241.1,LaJeunesse & Thornhill 2011,other,C7a_KF572241.1,,C7
C7a_KF572242.1,C7a_KF572242.1,LaJeunesse & Thornhill 2011,other,C7a_KF572242.1,,C7
C7a_KF572243.1,C7a_KF572243.1,LaJeunesse & Thornhill 2011,other,C7a_KF572243.1,,C7
C7a_KF572244.1,C7a_KF572244.1,LaJeunesse & Thornhill 2011,other,C7a_KF572244.1,,C7
C7a_KF572245.1,C7a_KF572245.1,LaJeunesse & Thornhill 2011,other,C7a_KF572245.1,,C7
C7a_KF572246.1,C7a_KF572246.1,LaJeunesse & Thornhill 2011,other,C7a_KF572246.1,,C7
C7c_KF572235.1,C7c_KF572235.1,LaJeunesse & Thornhill 2011,other,C7c_KF572235.1,,C7
C7c_KF572236.1,C7c_KF572236.1,LaJeunesse & Thornhill 2011,other,C7c_KF572236.1,,C7
C80_KF572188.1,C80_KF572188.1,LaJeunesse & Thornhill 2011,other,C80_KF572188.1,,C1
C87_KF572415.1,C87_KF572415.1,LaJeunesse & Thornhill 2011,other,C87_KF572415.1,,C3
C87_KF572416.1,C87_KF572416.1,LaJeunesse & Thornhill 2011,other,C87_KF572416.1,,C3
C87_KF572417.1,C87_KF572417.1,LaJeunesse & Thornhill 2011,other,C87_KF572417.1,,C3
C87_KF572418.1,C87_KF572418.1,LaJeunesse & Thornhill 2011,other,C87_KF572418.1,,C3
Cq_KF572338.1,Cq_KF572338.1,LaJeunesse & Thornhill 2011,other,Cq_KF572338.1,,C3
Cq_KF572339.1,Cq_KF572339.1,LaJeunesse & Thornhill 2011,other,Cq_KF572339.1,,C3
Cq_KF572340.1,Cq_KF572340.1,LaJeunesse & Thornhill 2011,other,Cq_KF572340.1,,C3
Cq_KF572341.1,Cq_KF572341.1,LaJeunesse & Thornhill 2011,other,Cq_KF572341.1,,C3
